{"cameraMode":{"drawMode":0,"name":"Shaded","section":"Shading Mode"},"sceneLighting":false,"audioPlay":false,"sceneViewState":{"showFog":true,"showMaterialUpdate":false,"showSkybox":true,"showFlares":true,"showImageEffects":true,"showParticleSystems":true},"in2DMode":false,"pivot":{"x":-2.869466543197632,"y":5.851996898651123,"z":-3.159945011138916},"rotation":{"x":0.047874726355075839,"y":-0.06676200032234192,"z":0.003202879335731268,"w":0.9966281652450562},"size":1.4872853755950928,"orthographic":false}