{"cameraMode":{"drawMode":0,"name":"Shaded","section":"Shading Mode"},"sceneLighting":true,"audioPlay":false,"sceneViewState":{"showFog":true,"showMaterialUpdate":false,"showSkybox":true,"showFlares":true,"showImageEffects":true,"showParticleSystems":true},"in2DMode":false,"pivot":{"x":2.809817314147949,"y":8.860727310180664,"z":10.678855895996094},"rotation":{"x":-0.11597111076116562,"y":0.7699180841445923,"z":-0.14632336795330048,"w":-0.6102211475372315},"size":85.01478576660156,"orthographic":false}